{
  "course_feature": {
    "precision": 0.98,
    "recall": 1.0,
    "f1-score": 0.98989898989899,
    "support": 49
  },
  "admin_feature": {
    "precision": 0.991869918699187,
    "recall": 0.991869918699187,
    "f1-score": 0.991869918699187,
    "support": 123
  },
  "course": {
    "precision": 0.9838709677419355,
    "recall": 1.0,
    "f1-score": 0.991869918699187,
    "support": 122
  },
  "micro avg": {
    "precision": 0.9865319865319865,
    "recall": 0.9965986394557823,
    "f1-score": 0.9915397631133671,
    "support": 294
  },
  "macro avg": {
    "precision": 0.9852469621470408,
    "recall": 0.997289972899729,
    "f1-score": 0.9912129424324546,
    "support": 294
  },
  "weighted avg": {
    "precision": 0.9865723063418914,
    "recall": 0.9965986394557823,
    "f1-score": 0.9915414305658208,
    "support": 294
  }
}